<c3p0-config>
  <timeout-config>
  	<property name="queryDbTimeout">90</property>
  	<property name="timeBreak">200000</property>
  	<property name="timeBreakDeleteRecordTimeOut">200000</property>
  </timeout-config>
  <named-config name="dbProcess">
	<property name="driver">oracle.jdbc.driver.OracleDriver</property>
	<property name="connection">jdbc:oracle:thin:@(DESCRIPTION =
  (LOAD_BALANCE=YES)
    (ADDRESS = (PROTOCOL = TCP)(HOST = 10.78.3.95)(PORT = 1521))
    (ADDRESS = (PROTOCOL = TCP)(HOST = 10.78.3.96)(PORT = 1521))
    (CONNECT_DATA =
      (SERVER = SHARED)
      (SERVICE_NAME = stl_vasext)
    )
  )
</property>
	<property name="username">STL_LUCKY</property>
	<property name="password">StlUcK#2@21</property>
    <property name="initialPoolSize">10</property>   
	<property name="maxPoolSize">30</property>
	<property name="minPoolSize">10</property>
	<property name="readTimeout">200000</property>
	<property name="maxIdleTime">300</property>
	<property name="checkoutTimeout">60000</property> 
	<property name="idleConnectionTestPeriod">30</property>
	<property name="preferredTestQuery">select 1 from dual</property>
	<property name="testConnectionOnCheckin">true</property>
	<property name="testConnectionOnCheckout">true</property>
  </named-config> 
</c3p0-config>
